season,RMSE,bias,n_obs,n_lakes
overall,2.700013415221551,0.1258391151765619,453234.0,1503.0
spring,2.4562920762936833,0.30235334312801815,130413.0,1116.0
summer,2.9676870882879265,0.07366167017706207,234106.0,1400.0
fall,2.3802159409526817,-0.012837343440679416,73260.0,951.0
winter,1.617177793582205,0.08408824410045153,15455.0,183.0
